algorithm,group,input_size,time_sec,time_ms,time_min_sec,time_max_sec,runs,memory_kb,memory_method,operations,result_summary
Linear Search,search,100,1.2600328773260117e-05,0.012600328773260117,1.2099742889404297e-05,7.179984822869301e-05,1000,0.28125,tracemalloc (peak heap),100,Linear Search: key -1 not found after 100 comparisons
Linear Search,search,1000,0.00016789976507425308,0.16789976507425308,0.00015250034630298615,0.0005256999284029007,263,0.3671875,tracemalloc (peak heap),1000,Linear Search: key -1 not found after 1000 comparisons
Linear Search,search,10000,0.00440694997087121,4.40694997087121,0.0033439001999795437,0.008858400397002697,10,1.5732421875,tracemalloc (peak heap),10000,Linear Search: key -1 not found after 10000 comparisons
Linear Search,search,50000,0.02454259991645813,24.54259991645813,0.018111299723386765,0.02895120019093156,5,0.4326171875,tracemalloc (peak heap),50000,Linear Search: key -1 not found after 50000 comparisons
Binary Search,search,100,5.700159817934036e-06,0.005700159817934036,4.0996819734573364e-06,0.0005367998965084553,1000,0.28125,tracemalloc (peak heap),6,Binary Search: key -1 not found after 6 comparisons
Binary Search,search,1000,8.299946784973145e-06,0.008299946784973145,5.899928510189056e-06,8.00001434981823e-05,1000,0.25390625,tracemalloc (peak heap),9,Binary Search: key -1 not found after 9 comparisons
Binary Search,search,10000,1.1200085282325745e-05,0.011200085282325745,8.099712431430817e-06,0.0037158001214265823,1000,0.30859375,tracemalloc (peak heap),13,Binary Search: key -1 not found after 13 comparisons
Binary Search,search,50000,1.3899989426136017e-05,0.013899989426136017,6.899703294038773e-06,0.00027540000155568123,1000,0.30859375,tracemalloc (peak heap),15,Binary Search: key -1 not found after 15 comparisons
Recursive Factorial,factorial,100,5.189981311559677e-05,0.05189981311559677,2.8999987989664078e-05,0.0022931001149117947,871,0.31640625,tracemalloc (peak heap),100,158-digit integer (933262154439...)
Recursive Factorial,factorial,500,0.0005761999636888504,0.5761999636888504,0.0003468003123998642,0.0018953001126646996,77,8.08984375,tracemalloc (peak heap),500,1135-digit integer (122013682599...)
Recursive Factorial,factorial,1000,0.001718900166451931,1.718900166451931,0.001295700203627348,0.003675099927932024,27,23.76953125,tracemalloc (peak heap),1000,2568-digit integer (402387260077...)
Iterative Factorial,factorial,100,3.329990431666374e-05,0.03329990431666374,1.8499791622161865e-05,0.0007501998916268349,1000,0.26171875,tracemalloc (peak heap),99,158-digit integer (933262154439...)
Iterative Factorial,factorial,500,0.0001883499789983034,0.1883499789983034,0.0001797000877559185,0.0008262000046670437,236,1.15234375,tracemalloc (peak heap),499,1135-digit integer (122013682599...)
Iterative Factorial,factorial,1000,0.0007742997258901596,0.7742997258901596,0.0006122998893260956,0.0013319998979568481,59,2.3359375,tracemalloc (peak heap),999,2568-digit integer (402387260077...)
Single Loop Traversal,loops,100,9.09995287656784e-06,0.00909995287656784,8.799601346254349e-06,3.390014171600342e-05,1000,0.1953125,tracemalloc (peak heap),100,4950
Single Loop Traversal,loops,1000,0.00010950025171041489,0.10950025171041489,0.00010119983926415443,0.000579299870878458,368,0.2265625,tracemalloc (peak heap),1000,499500
Single Loop Traversal,loops,10000,0.0011921999976038933,1.1921999976038933,0.0010905000381171703,0.0022362000308930874,36,0.28125,tracemalloc (peak heap),10000,49995000
Single Loop Traversal,loops,50000,0.0075032999739050865,7.5032999739050865,0.005796299781650305,0.011775400023907423,7,1.3271484375,tracemalloc (peak heap),50000,1249975000
Nested Loop Traversal,loops,100,0.0009208000265061855,0.9208000265061855,0.0008232998661696911,0.001911800354719162,47,0.25,tracemalloc (peak heap),10000,10000
Nested Loop Traversal,loops,1000,0.14194330014288425,141.94330014288425,0.12963869981467724,0.16755109978839755,5,0.3125,tracemalloc (peak heap),1000000,1000000
Nested Loop Traversal,loops,10000,8.352603800129145,8352.603800129145,8.352603800129145,8.352603800129145,1,,not measured (tracemalloc run predicted ~6 min),100000000,100000000
Nested Loop Traversal,loops,50000,302.2088015000336,302208.8015000336,302.2088015000336,302.2088015000336,1,,not measured (tracemalloc run predicted ~201 min),2500000000,2500000000
